时间,波长,传感器名称,物理量,波长,传感器名称,物理量,波长,传感器名称,物理量,波长,传感器名称,物理量,波长,传感器名称,物理量,波长,传感器名称,物理量,波长,传感器名称,物理量,波长,传感器名称,物理量,波长,传感器名称,物理量,波长,传感器名称,物理量,波长,传感器名称,物理量,波长,传感器名称,物理量,波长,传感器名称,物理量,波长,传感器名称,物理量,波长,传感器名称,物理量,波长,传感器名称,物理量,波长,传感器名称,物理量,波长,传感器名称,物理量,波长,传感器名称,物理量,波长,传感器名称,物理量,波长,传感器名称,物理量,波长,传感器名称,物理量,波长,传感器名称,物理量,波长,传感器名称,物理量,波长,传感器名称,物理量,波长,传感器名称,物理量,波长,传感器名称,物理量,波长,传感器名称,物理量,波长,传感器名称,物理量,波长,传感器名称,物理量,波长,传感器名称,物理量,波长,传感器名称,物理量,
2025-08-31 11:42:50.731	,1552.729248,0,0,1555.184326,0,0,
2025-08-31 11:43:00.731	,1554.069580,0,0,
2025-08-31 11:43:10.731	,1553.416382,0,0,
2025-08-31 11:43:20.731	,1553.374756,0,0,
2025-08-31 11:43:30.732	,1545.541016,0,0,1550.731445,0,0,
2025-08-31 11:43:40.731	,1544.094727,0,0,1550.717651,0,0,
2025-08-31 11:43:50.732	,1550.283325,0,0,
2025-08-31 11:44:00.731	,1550.201782,0,0,
2025-08-31 11:44:10.732	,1549.696655,0,0,
2025-08-31 11:44:20.731	,1549.666504,0,0,
2025-08-31 11:44:30.731	,1547.314453,0,0,
2025-08-31 11:44:40.731	,1547.284790,0,0,
2025-08-31 11:44:50.732	,1547.309448,0,0,
2025-08-31 11:45:00.732	,1547.028564,0,0,
2025-08-31 11:45:10.731	,1544.082642,0,0,1546.709351,0,0,
2025-08-31 11:45:20.731	,1544.080322,0,0,1546.722046,0,0,
2025-08-31 11:45:30.731	,1546.709595,0,0,
2025-08-31 11:45:40.732	,1546.684326,0,0,
2025-08-31 11:45:50.732	,1546.702759,0,0,
2025-08-31 11:46:00.731	,1546.681152,0,0,
2025-08-31 11:46:10.731	,1546.680054,0,0,
2025-08-31 11:46:20.731	,1544.096680,0,0,1546.657959,0,0,
2025-08-31 11:46:30.732	,1546.677246,0,0,
2025-08-31 11:46:40.731	,1546.653809,0,0,
2025-08-31 11:46:50.731	,1546.646606,0,0,
2025-08-31 11:47:00.731	,1546.640015,0,0,
2025-08-31 11:47:10.731	,1546.675903,0,0,
2025-08-31 11:47:20.731	,1546.660889,0,0,
2025-08-31 11:47:30.731	,1546.695679,0,0,
2025-08-31 11:47:40.731	,1546.704956,0,0,
2025-08-31 11:47:50.731	,1546.691162,0,0,
2025-08-31 11:48:00.731	,1546.662231,0,0,
2025-08-31 11:48:10.731	,1546.724243,0,0,
2025-08-31 11:48:20.731	,1546.691406,0,0,
2025-08-31 11:48:30.732	,1546.695190,0,0,
2025-08-31 11:48:40.732	,1546.677490,0,0,
2025-08-31 11:48:50.731	,1546.710205,0,0,1548.926147,0,0,
2025-08-31 11:49:00.732	,1546.726440,0,0,
2025-08-31 11:49:10.731	,1547.069214,0,0,
2025-08-31 11:49:20.732	,1547.038940,0,0,
2025-08-31 11:49:30.731	,1547.319946,0,0,
2025-08-31 11:49:40.731	,1677.491577,0,0,
2025-08-31 11:49:50.731	,1547.077271,0,0,
2025-08-31 11:50:00.731	,1545.500122,0,0,1547.068604,0,0,
2025-08-31 11:50:10.731	,1547.110840,0,0,
2025-08-31 11:50:20.731	,1545.481445,0,0,1547.316650,0,0,
2025-08-31 11:50:30.731	,1545.501831,0,0,1547.316162,0,0,
2025-08-31 11:50:40.731	,1545.510376,0,0,1547.295288,0,0,
2025-08-31 11:50:50.731	,1547.285522,0,0,
2025-08-31 11:51:00.731	,1547.150879,0,0,
2025-08-31 11:51:10.732	,1545.519531,0,0,1547.317261,0,0,
2025-08-31 11:51:20.731	,1545.504883,0,0,1547.285400,0,0,
2025-08-31 11:51:30.731	,1545.501831,0,0,1076.793335,0,0,
2025-08-31 11:51:40.731	,1545.510742,0,0,1547.296997,0,0,
2025-08-31 11:51:50.731	,1545.498047,0,0,1547.263672,0,0,
2025-08-31 11:52:00.731	,1547.306641,0,0,
2025-08-31 11:52:10.732	,1547.344727,0,0,
2025-08-31 11:52:20.731	,1547.311157,0,0,
2025-08-31 11:52:30.732	,1547.308105,0,0,
2025-08-31 11:52:40.731	,1545.503418,0,0,1547.331177,0,0,
2025-08-31 11:52:50.732	,1545.500122,0,0,1547.379395,0,0,
2025-08-31 11:53:00.731	,1547.349243,0,0,
2025-08-31 11:53:10.731	,1545.491577,0,0,1547.339478,0,0,
2025-08-31 11:53:20.731	,1545.508301,0,0,1547.339722,0,0,
2025-08-31 11:53:30.732	,1547.377808,0,0,
2025-08-31 11:53:40.731	,1545.507446,0,0,1547.378052,0,0,
2025-08-31 11:53:50.731	,1545.515259,0,0,1547.337158,0,0,
2025-08-31 11:54:00.731	,1547.347534,0,0,
2025-08-31 11:54:10.731	,1547.433716,0,0,
2025-08-31 11:54:20.732	,1545.514648,0,0,1547.565552,0,0,
2025-08-31 11:54:30.732	,1545.501953,0,0,1547.433594,0,0,
2025-08-31 11:54:40.731	,1545.543457,0,0,1547.355347,0,0,
2025-08-31 11:54:50.731	,1545.507202,0,0,1547.362793,0,0,
2025-08-31 11:55:00.731	,1545.516235,0,0,1547.347046,0,0,
2025-08-31 11:55:10.731	,1547.367554,0,0,
2025-08-31 11:55:20.731	,1547.382813,0,0,
2025-08-31 11:55:30.731	,1547.323242,0,0,
2025-08-31 11:55:40.731	,1547.825317,0,0,
2025-08-31 11:55:50.731	,1547.599243,0,0,
2025-08-31 11:56:00.731	,1547.603271,0,0,
2025-08-31 11:56:10.731	,1547.801147,0,0,
2025-08-31 11:56:20.731	,1547.850708,0,0,
2025-08-31 11:56:30.732	,1547.843140,0,0,
2025-08-31 11:56:40.731	,1547.831055,0,0,
2025-08-31 11:56:50.732	,1547.793091,0,0,
2025-08-31 11:57:00.731	,1549.619263,0,0,
2025-08-31 11:57:10.731	,1549.046997,0,0,
2025-08-31 11:57:20.731	,1549.072876,0,0,
2025-08-31 11:57:30.732	,1549.613403,0,0,
2025-08-31 11:57:40.731	,1549.608276,0,0,
2025-08-31 11:57:50.731	,1549.654053,0,0,
2025-08-31 11:58:00.731	,1549.608643,0,0,
2025-08-31 11:58:10.731	,1549.696533,0,0,1551.953125,0,0,
2025-08-31 11:58:20.731	,1549.670776,0,0,
2025-08-31 11:58:30.731	,1549.647095,0,0,
2025-08-31 11:58:40.732	,1549.672241,0,0,
2025-08-31 11:58:50.731	,1549.650879,0,0,
2025-08-31 11:59:00.731	,1549.665283,0,0,
2025-08-31 11:59:10.731	,1549.656616,0,0,
2025-08-31 11:59:20.731	,1550.259033,0,0,
2025-08-31 11:59:30.731	,1549.652954,0,0,
2025-08-31 11:59:40.732	,1550.253052,0,0,
2025-08-31 11:59:50.731	,1550.262939,0,0,
2025-08-31 12:00:00.731	,1550.281006,0,0,
2025-08-31 12:00:10.731	,1550.279053,0,0,
2025-08-31 12:00:20.731	,1550.319458,0,0,
2025-08-31 12:00:30.732	,1550.282959,0,0,
2025-08-31 12:00:40.731	,1550.325195,0,0,
2025-08-31 12:00:50.731	,1550.298828,0,0,
2025-08-31 12:01:00.732	,1550.343384,0,0,
2025-08-31 12:01:10.731	,1550.258423,0,0,
2025-08-31 12:01:20.731	,1550.276611,0,0,
2025-08-31 12:01:30.731	,1550.284058,0,0,
2025-08-31 12:01:40.731	,1550.272583,0,0,
2025-08-31 12:01:50.731	,1550.317383,0,0,
2025-08-31 12:02:00.731	,1550.337646,0,0,
2025-08-31 12:02:10.731	,1550.310303,0,0,
2025-08-31 12:02:20.731	,1550.344116,0,0,
2025-08-31 12:02:30.731	,1550.295044,0,0,
2025-08-31 12:02:40.731	,1547.872314,0,0,1550.258545,0,0,
2025-08-31 12:02:50.731	,1547.835449,0,0,1550.244629,0,0,
2025-08-31 12:03:00.731	,1547.818604,0,0,1550.281128,0,0,
2025-08-31 12:03:10.731	,1550.310059,0,0,
2025-08-31 12:03:20.731	,1547.849854,0,0,1550.327759,0,0,
2025-08-31 12:03:30.731	,1550.294189,0,0,
2025-08-31 12:03:40.731	,1550.306641,0,0,
2025-08-31 12:03:50.731	,1550.339478,0,0,
2025-08-31 12:04:00.731	,1550.304321,0,0,
2025-08-31 12:04:10.732	,1550.696777,0,0,
2025-08-31 12:04:20.732	,1548.906982,0,0,1550.346924,0,0,
2025-08-31 12:04:30.731	,1550.293091,0,0,
2025-08-31 12:04:40.731	,1550.278931,0,0,1552.697998,0,0,
2025-08-31 12:04:50.731	,1550.282715,0,0,1552.740479,0,0,
2025-08-31 12:05:00.731	,1550.713623,0,0,1552.746460,0,0,
2025-08-31 12:05:10.731	,1550.295410,0,0,1551.456177,0,0,1552.671265,0,0,
2025-08-31 12:05:20.731	,1550.357300,0,0,1551.493042,0,0,1552.758911,0,0,
2025-08-31 12:05:30.731	,1550.322632,0,0,1551.487305,0,0,1553.381592,0,0,
2025-08-31 12:05:40.731	,1550.295288,0,0,1552.739624,0,0,1553.376221,0,0,
2025-08-31 12:05:50.731	,1550.338867,0,0,1553.386597,0,0,
2025-08-31 12:06:00.731	,1550.298828,0,0,1550.709351,0,0,1552.252686,0,0,1552.732422,0,0,1553.383301,0,0,
2025-08-31 12:06:10.731	,1552.745605,0,0,1553.367310,0,0,
2025-08-31 12:06:20.731	,1552.748535,0,0,1553.394531,0,0,
2025-08-31 12:06:30.731	,1553.408447,0,0,
2025-08-31 12:06:40.731	,1552.760986,0,0,1553.966431,0,0,
2025-08-31 12:06:50.731	,1553.392334,0,0,
2025-08-31 12:07:00.732	,1552.758667,0,0,1553.978638,0,0,
2025-08-31 12:07:10.731	,1552.754395,0,0,1553.987793,0,0,
2025-08-31 12:07:20.731	,1552.767090,0,0,1554.036499,0,0,
2025-08-31 12:07:30.731	,1552.768433,0,0,1554.036377,0,0,
2025-08-31 12:07:40.731	,1552.754028,0,0,1553.985474,0,0,1554.872437,0,0,
2025-08-31 12:07:50.731	,1552.758545,0,0,1554.032349,0,0,1554.812500,0,0,1554.816650,0,0,1555.154175,0,0,
2025-08-31 12:08:00.732	,1552.774170,0,0,1554.009888,0,0,
2025-08-31 12:08:10.732	,1554.038696,0,0,
2025-08-31 12:08:20.731	,1554.043457,0,0,
2025-08-31 12:08:30.731	,1554.026489,0,0,
2025-08-31 12:08:40.731	,1554.039307,0,0,
2025-08-31 12:08:50.731	,1554.017456,0,0,
2025-08-31 12:09:00.732	,1554.036743,0,0,
2025-08-31 12:09:10.731	,1554.038696,0,0,
2025-08-31 12:09:20.731	,1554.087036,0,0,
2025-08-31 12:09:30.731	,1554.062622,0,0,
2025-08-31 12:09:40.731	,1555.166748,0,0,
2025-08-31 12:09:50.731	,1555.159546,0,0,
2025-08-31 12:10:00.731	,1555.186401,0,0,1556.302246,0,0,
2025-08-31 12:10:10.731	,1555.191406,0,0,
2025-08-31 12:10:20.731	,1555.158447,0,0,
2025-08-31 12:10:30.731	,1555.189087,0,0,
2025-08-31 12:10:40.731	,1555.195313,0,0,
2025-08-31 12:10:50.731	,1555.191895,0,0,
2025-08-31 12:11:00.731	,1555.205933,0,0,
2025-08-31 12:11:10.731	,1555.199951,0,0,
2025-08-31 12:11:20.731	,1555.169800,0,0,
2025-08-31 12:11:30.731	,1555.592163,0,0,
2025-08-31 12:11:40.731	,1555.199951,0,0,
2025-08-31 12:11:50.731	,1555.632446,0,0,
2025-08-31 12:12:00.731	,1554.103638,0,0,1555.620483,0,0,
2025-08-31 12:12:10.731	,1555.642944,0,0,
2025-08-31 12:12:20.732	,1556.287109,0,0,
2025-08-31 12:12:30.731	,1556.297852,0,0,
2025-08-31 12:12:40.731	,1556.310791,0,0,
2025-08-31 12:12:50.731	,1556.292603,0,0,
2025-08-31 12:13:00.732	,1556.320923,0,0,1556.894531,0,0,
2025-08-31 12:13:10.731	,1556.325317,0,0,
2025-08-31 12:13:20.731	,1556.275269,0,0,
2025-08-31 12:13:30.731	,1556.295166,0,0,1556.866211,0,0,1557.406006,0,0,
2025-08-31 12:13:40.731	,1556.364258,0,0,1557.471558,0,0,
2025-08-31 12:13:50.731	,1556.329468,0,0,1557.302246,0,0,
2025-08-31 12:14:00.731	,1556.318359,0,0,
2025-08-31 12:14:10.731	,1556.306396,0,0,
2025-08-31 12:14:20.731	,1556.342285,0,0,
2025-08-31 12:14:30.731	,1556.334839,0,0,1557.436157,0,0,
2025-08-31 12:14:40.731	,1556.327637,0,0,
2025-08-31 12:14:50.731	,1556.323364,0,0,
2025-08-31 12:15:00.731	,1556.303467,0,0,
2025-08-31 12:15:10.731	,1556.359619,0,0,
2025-08-31 12:15:20.731	,1556.351440,0,0,
2025-08-31 12:15:30.731	,1556.353882,0,0,
2025-08-31 12:15:40.731	,1556.354980,0,0,
2025-08-31 12:15:50.731	,1556.363525,0,0,
2025-08-31 12:16:00.731	,1556.342041,0,0,
2025-08-31 12:16:10.732	,1556.354858,0,0,
2025-08-31 12:16:20.732	,1556.397949,0,0,1559.286743,0,0,1559.725952,0,0,
2025-08-31 12:16:30.732	,1556.387085,0,0,1559.286255,0,0,
2025-08-31 12:16:40.731	,1556.377930,0,0,1558.786743,0,0,1559.285889,0,0,
2025-08-31 12:16:50.731	,1556.378174,0,0,1559.713257,0,0,1560.586060,0,0,
2025-08-31 12:17:00.732	,1555.777954,0,0,1557.484863,0,0,1559.738159,0,0,
2025-08-31 12:17:10.731	,1556.385498,0,0,
2025-08-31 12:17:20.731	,1556.370239,0,0,1557.493652,0,0,1558.756470,0,0,1559.306152,0,0,
2025-08-31 12:17:30.731	,1557.527344,0,0,
2025-08-31 12:17:40.731	,1557.522095,0,0,1561.255371,0,0,
2025-08-31 12:17:50.731	,1556.387085,0,0,1557.503784,0,0,1561.278442,0,0,
2025-08-31 12:18:00.731	,1556.410889,0,0,1557.534790,0,0,
2025-08-31 12:18:10.731	,1556.390503,0,0,1557.507202,0,0,
2025-08-31 12:18:20.732	,1556.395020,0,0,1557.515015,0,0,
2025-08-31 12:18:30.731	,1556.409912,0,0,1557.498047,0,0,1558.475342,0,0,1559.794678,0,0,
2025-08-31 12:18:40.731	,1556.395142,0,0,1557.502075,0,0,1559.778076,0,0,
2025-08-31 12:18:50.731	,1556.398315,0,0,1559.825195,0,0,
2025-08-31 12:19:00.731	,1556.422119,0,0,1557.537231,0,0,
2025-08-31 12:19:10.732	,1556.383911,0,0,1557.501465,0,0,
2025-08-31 12:19:20.731	,1556.401245,0,0,1559.882202,0,0,
2025-08-31 12:19:30.731	,1556.400391,0,0,1559.897949,0,0,
2025-08-31 12:19:40.731	,1557.478394,0,0,1559.914185,0,0,
2025-08-31 12:19:50.731	,1557.506104,0,0,1560.619141,0,0,
2025-08-31 12:20:00.731	,1557.519531,0,0,1560.560791,0,0,
2025-08-31 12:20:10.731	,1556.411499,0,0,1557.508057,0,0,1560.577026,0,0,
2025-08-31 12:20:20.731	,1557.574951,0,0,1559.920410,0,0,
2025-08-31 12:20:30.731	,1557.489868,0,0,1559.749390,0,0,
2025-08-31 12:20:40.731	,1557.548706,0,0,1559.885864,0,0,
2025-08-31 12:20:50.731	,1557.507202,0,0,1560.566895,0,0,
2025-08-31 12:21:00.732	,1556.414429,0,0,1559.787842,0,0,
2025-08-31 12:21:10.731	,1560.614990,0,0,1562.377197,0,0,
2025-08-31 12:21:20.731	,1559.792236,0,0,
2025-08-31 12:21:30.732	,1560.565918,0,0,
2025-08-31 12:21:40.731	,1559.771851,0,0,
2025-08-31 12:21:50.732	,1556.417480,0,0,1560.609497,0,0,
2025-08-31 12:22:00.731	,1556.426147,0,0,1560.576782,0,0,
2025-08-31 12:22:10.731	,1560.618164,0,0,
2025-08-31 12:22:20.731	,1560.554565,0,0,
2025-08-31 12:22:30.731	,1560.588135,0,0,
2025-08-31 12:22:40.731	,1560.654175,0,0,
2025-08-31 12:22:50.731	,1560.626953,0,0,
2025-08-31 12:23:00.731	,1560.569458,0,0,
2025-08-31 12:23:10.731	,1561.682007,0,0,
2025-08-31 12:23:20.731	,1561.674683,0,0,
2025-08-31 12:23:30.732	,1561.683472,0,0,
2025-08-31 12:23:40.731	,1561.663940,0,0,
2025-08-31 12:23:50.731	,1561.660156,0,0,
2025-08-31 12:24:00.732	,1561.706177,0,0,
2025-08-31 12:24:10.731	,1561.666748,0,0,
2025-08-31 12:24:20.732	,1561.698120,0,0,
2025-08-31 12:24:30.732	,1561.677734,0,0,
2025-08-31 12:24:40.731	,1561.725098,0,0,
2025-08-31 12:24:50.731	,1561.691895,0,0,
2025-08-31 12:25:00.731	,1561.723511,0,0,
2025-08-31 12:25:10.732	,1561.739746,0,0,
2025-08-31 12:25:20.731	,1561.741943,0,0,
2025-08-31 12:25:30.731	,1561.722534,0,0,
2025-08-31 12:25:40.731	,1561.695923,0,0,
2025-08-31 12:25:50.731	,1561.673706,0,0,
2025-08-31 12:26:00.731	,1561.741089,0,0,
2025-08-31 12:26:10.731	,1561.745361,0,0,
2025-08-31 12:26:20.731	,1561.685547,0,0,
2025-08-31 12:26:30.731	,1561.703369,0,0,
2025-08-31 12:26:40.731	,1561.726440,0,0,
2025-08-31 12:26:50.731	,1561.736450,0,0,
2025-08-31 12:27:00.732	,1561.725952,0,0,
2025-08-31 12:27:10.731	,1561.730347,0,0,
2025-08-31 12:27:20.732	,1561.719849,0,0,
2025-08-31 12:27:30.731	,1561.691162,0,0,
2025-08-31 12:27:40.731	,1561.749268,0,0,
2025-08-31 12:27:50.732	,1561.746338,0,0,
2025-08-31 12:28:00.731	,1561.717773,0,0,
2025-08-31 12:28:10.731	,1561.731445,0,0,
2025-08-31 12:28:20.731	,1561.762329,0,0,
2025-08-31 12:28:30.732	,1561.731445,0,0,
2025-08-31 12:28:40.731	,1562.436035,0,0,
2025-08-31 12:28:50.731	,1561.731445,0,0,
2025-08-31 12:29:00.731	,1561.744263,0,0,
2025-08-31 12:29:10.731	,1562.437256,0,0,
2025-08-31 12:29:20.731	,1562.442993,0,0,
2025-08-31 12:29:30.731	,1562.444092,0,0,
2025-08-31 12:29:40.731	,1561.733643,0,0,
2025-08-31 12:29:50.731	,1561.748535,0,0,
2025-08-31 12:30:00.732	,1561.736816,0,0,
2025-08-31 12:30:10.731	,1562.440063,0,0,
2025-08-31 12:30:20.731	,1561.739136,0,0,
2025-08-31 12:30:30.732	,1562.454468,0,0,
2025-08-31 12:30:40.731	,1562.437500,0,0,
2025-08-31 12:30:50.731	,1562.447021,0,0,
2025-08-31 12:31:00.731	,1562.430054,0,0,
2025-08-31 12:31:10.731	,1562.444092,0,0,
2025-08-31 12:31:20.731	,1562.448608,0,0,
2025-08-31 12:31:30.731	,1562.435303,0,0,
2025-08-31 12:31:40.731	,1562.461914,0,0,
2025-08-31 12:31:50.732	,1562.452759,0,0,
2025-08-31 12:32:00.732	,1562.446899,0,0,
2025-08-31 12:32:10.731	,1562.450317,0,0,
2025-08-31 12:32:20.732	,1562.445679,0,0,
2025-08-31 12:32:30.731	,1562.455322,0,0,
2025-08-31 12:32:40.731	,1562.453491,0,0,
2025-08-31 12:32:50.731	,1562.446777,0,0,
2025-08-31 12:33:00.732	,1562.458862,0,0,
2025-08-31 12:33:10.731	,1562.445557,0,0,
2025-08-31 12:33:20.731	,1562.450684,0,0,
2025-08-31 12:33:30.731	,1562.447998,0,0,
2025-08-31 12:33:40.732	,1562.453857,0,0,
2025-08-31 12:33:50.731	,1562.459351,0,0,
2025-08-31 12:34:00.731	,1562.439209,0,0,
2025-08-31 12:34:10.731	,1562.444092,0,0,
2025-08-31 12:34:20.731	,1562.454468,0,0,
2025-08-31 12:34:30.731	,1562.437256,0,0,
2025-08-31 12:34:40.732	,1562.448242,0,0,
2025-08-31 12:34:50.731	,1562.464722,0,0,
2025-08-31 12:35:00.731	,1562.460571,0,0,
2025-08-31 12:35:10.731	,1562.459229,0,0,
2025-08-31 12:35:20.731	,1562.458374,0,0,
2025-08-31 12:35:30.732	,1562.457642,0,0,
2025-08-31 12:35:40.731	,1562.461060,0,0,
2025-08-31 12:35:50.731	,1562.454102,0,0,
2025-08-31 12:36:00.731	,1562.463013,0,0,
2025-08-31 12:36:10.731	,1562.447632,0,0,
2025-08-31 12:36:20.731	,1562.464478,0,0,
2025-08-31 12:36:30.732	,1562.450439,0,0,
2025-08-31 12:36:40.732	,1562.456055,0,0,
2025-08-31 12:36:50.731	,1562.448975,0,0,
2025-08-31 12:37:00.731	,1562.452515,0,0,
2025-08-31 12:37:10.731	,1562.456299,0,0,
2025-08-31 12:37:20.731	,1562.465576,0,0,
2025-08-31 12:37:30.731	,1562.456055,0,0,
2025-08-31 12:37:40.731	,1562.462769,0,0,
2025-08-31 12:37:50.731	,1562.454346,0,0,
2025-08-31 12:38:00.731	,1562.451294,0,0,
2025-08-31 12:38:10.731	,1562.458252,0,0,
2025-08-31 12:38:20.731	,1562.450439,0,0,
2025-08-31 12:38:30.731	,1562.444458,0,0,
2025-08-31 12:38:40.731	,1562.455444,0,0,
2025-08-31 12:38:50.731	,1562.460449,0,0,
2025-08-31 12:39:00.732	,1562.454468,0,0,
2025-08-31 12:39:10.731	,1562.456543,0,0,
2025-08-31 12:39:20.731	,1562.451416,0,0,
2025-08-31 12:39:30.731	,1562.453247,0,0,
2025-08-31 12:39:40.731	,1562.456665,0,0,
2025-08-31 12:39:50.731	,1562.447510,0,0,
2025-08-31 12:40:00.731	,1562.454956,0,0,
2025-08-31 12:40:10.732	,1562.460571,0,0,
2025-08-31 12:40:20.731	,1562.465210,0,0,
2025-08-31 12:40:30.731	,1562.450317,0,0,
2025-08-31 12:40:40.731	,1562.457397,0,0,
2025-08-31 12:40:50.731	,1562.449463,0,0,
2025-08-31 12:41:00.732	,1562.459961,0,0,
2025-08-31 12:41:10.731	,1562.456665,0,0,
2025-08-31 12:41:20.731	,1562.467163,0,0,
2025-08-31 12:41:30.732	,1562.448730,0,0,
2025-08-31 12:41:40.732	,1562.465454,0,0,
2025-08-31 12:41:50.731	,1562.463867,0,0,
2025-08-31 12:42:00.732	,1562.452026,0,0,
2025-08-31 12:42:10.731	,1562.455933,0,0,
2025-08-31 12:42:20.731	,1562.458130,0,0,
2025-08-31 12:42:30.732	,1562.456299,0,0,
2025-08-31 12:42:40.731	,1562.444092,0,0,
2025-08-31 12:42:50.732	,1562.449219,0,0,
2025-08-31 12:43:00.731	,1562.456665,0,0,
2025-08-31 12:43:10.731	,1562.455444,0,0,
2025-08-31 12:43:20.731	,1562.451294,0,0,
2025-08-31 12:43:30.732	,1562.449463,0,0,
2025-08-31 12:43:40.731	,1562.460938,0,0,
2025-08-31 12:43:50.732	,1562.444946,0,0,
2025-08-31 12:44:00.732	,1562.440186,0,0,
2025-08-31 12:44:10.731	,1562.446899,0,0,
2025-08-31 12:44:20.731	,1562.466797,0,0,
2025-08-31 12:44:30.731	,1562.444580,0,0,
2025-08-31 12:44:40.731	,1562.447754,0,0,
2025-08-31 12:44:50.731	,1562.439453,0,0,
2025-08-31 12:45:00.731	,1559.971069,0,0,1562.457886,0,0,
2025-08-31 12:45:10.731	,1559.960449,0,0,1562.456909,0,0,
2025-08-31 12:45:20.731	,1562.445557,0,0,
2025-08-31 12:45:30.731	,1562.456909,0,0,
2025-08-31 12:45:40.731	,1562.443604,0,0,
2025-08-31 12:45:50.732	,1559.982910,0,0,1562.451416,0,0,
2025-08-31 12:46:00.731	,1562.443604,0,0,
2025-08-31 12:46:10.732	,1562.455688,0,0,
2025-08-31 12:46:20.731	,1562.449463,0,0,
2025-08-31 12:46:30.731	,1562.460693,0,0,
2025-08-31 12:46:40.732	,1562.457764,0,0,
2025-08-31 12:46:50.731	,1562.450928,0,0,
2025-08-31 12:47:00.732	,1562.465088,0,0,
2025-08-31 12:47:10.731	,1562.457520,0,0,
2025-08-31 12:47:20.731	,1562.463135,0,0,
2025-08-31 12:47:30.731	,1562.470947,0,0,
2025-08-31 12:47:40.731	,1562.463745,0,0,
2025-08-31 12:47:50.731	,1560.706299,0,0,1562.465454,0,0,
2025-08-31 12:48:00.731	,1562.458984,0,0,
2025-08-31 12:48:10.731	,1562.464600,0,0,
2025-08-31 12:48:20.731	,1562.453491,0,0,
2025-08-31 12:48:30.731	,1561.168823,0,0,1562.465454,0,0,
2025-08-31 12:48:40.731	,1562.457642,0,0,
2025-08-31 12:48:50.731	,1562.473511,0,0,
2025-08-31 12:49:00.731	,1562.458618,0,0,
2025-08-31 12:49:10.731	,1562.462158,0,0,
2025-08-31 12:49:20.731	,1562.458496,0,0,
2025-08-31 12:49:30.731	,1562.457153,0,0,
2025-08-31 12:49:40.731	,1562.462402,0,0,
2025-08-31 12:49:50.731	,1562.468750,0,0,
2025-08-31 12:50:00.732	,1562.451050,0,0,1563.985352,0,0,
2025-08-31 12:50:10.731	,1562.452881,0,0,1563.969116,0,0,
2025-08-31 12:50:20.731	,1562.455078,0,0,1563.949585,0,0,1565.796021,0,0,
2025-08-31 12:50:30.731	,1562.455200,0,0,1563.965210,0,0,1565.895020,0,0,1566.339478,0,0,
2025-08-31 12:50:40.731	,1562.451050,0,0,1563.993164,0,0,1565.121582,0,0,1565.750488,0,0,
2025-08-31 12:50:50.732	,1562.468262,0,0,1566.713379,0,0,
2025-08-31 12:51:00.732	,1562.475098,0,0,1566.801392,0,0,
2025-08-31 12:51:10.732	,1562.462036,0,0,1563.993164,0,0,1566.199585,0,0,
2025-08-31 12:51:20.731	,1562.462402,0,0,1563.918091,0,0,1565.775757,0,0,
2025-08-31 12:51:30.731	,1562.469849,0,0,1563.964844,0,0,1565.777466,0,0,
2025-08-31 12:51:40.731	,1562.465454,0,0,1563.977661,0,0,1565.786255,0,0,1566.301636,0,0,1566.761597,0,0,
2025-08-31 12:51:50.731	,1561.799072,0,0,1562.469360,0,0,1563.939087,0,0,1565.141602,0,0,1565.235962,0,0,1565.726318,0,0,1566.691528,0,0,
2025-08-31 12:52:00.731	,1562.470093,0,0,1563.346313,0,0,1563.912964,0,0,1564.295532,0,0,1564.361572,0,0,1564.606812,0,0,1564.855713,0,0,1565.804321,0,0,1566.395752,0,0,
2025-08-31 12:52:10.731	,1562.458130,0,0,1563.936646,0,0,
2025-08-31 12:52:20.731	,1562.465942,0,0,1563.345581,0,0,1563.963745,0,0,1564.552734,0,0,1564.791504,0,0,1565.202637,0,0,1566.388794,0,0,
2025-08-31 12:52:30.731	,1562.457642,0,0,1563.361572,0,0,1563.943481,0,0,1564.621948,0,0,
2025-08-31 12:52:40.731	,1562.465820,0,0,1563.336914,0,0,1563.987549,0,0,
2025-08-31 12:52:50.732	,1562.468384,0,0,1563.951904,0,0,1564.624878,0,0,
2025-08-31 12:53:00.732	,1562.452759,0,0,1563.373657,0,0,1563.946655,0,0,1564.616821,0,0,
2025-08-31 12:53:10.731	,1562.458618,0,0,1563.361206,0,0,1563.945679,0,0,
2025-08-31 12:53:20.732	,1562.462036,0,0,1563.958862,0,0,1564.628540,0,0,
2025-08-31 12:53:30.731	,1561.794556,0,0,1562.465942,0,0,1563.964966,0,0,1565.819580,0,0,1566.719482,0,0,
2025-08-31 12:53:40.732	,1561.815918,0,0,1562.468140,0,0,1563.957642,0,0,1565.763550,0,0,1566.337402,0,0,
2025-08-31 12:53:50.731	,1562.460449,0,0,1563.347656,0,0,1563.962524,0,0,1564.597412,0,0,1565.791382,0,0,1566.705444,0,0,
2025-08-31 12:54:00.731	,1562.465942,0,0,1563.346191,0,0,1563.936646,0,0,
2025-08-31 12:54:10.731	,1562.459839,0,0,1563.942261,0,0,
2025-08-31 12:54:20.732	,1562.468262,0,0,1563.333618,0,0,1563.920288,0,0,
2025-08-31 12:54:30.732	,1562.472534,0,0,1563.351563,0,0,1563.962769,0,0,
2025-08-31 12:54:40.732	,1562.459106,0,0,1563.364258,0,0,1563.936890,0,0,
2025-08-31 12:54:50.731	,1562.466064,0,0,1563.336914,0,0,1563.947144,0,0,
2025-08-31 12:55:00.731	,1562.473145,0,0,1563.334229,0,0,1563.966309,0,0,
2025-08-31 12:55:10.731	,1562.465942,0,0,1563.945068,0,0,
2025-08-31 12:55:20.731	,1562.487061,0,0,1563.316650,0,0,1563.952148,0,0,
2025-08-31 12:55:30.731	,1562.464355,0,0,1563.964355,0,0,1565.766357,0,0,1566.241577,0,0,1567.094238,0,0,
2025-08-31 12:55:40.732	,1562.490234,0,0,1563.958008,0,0,1566.967163,0,0,1567.523560,0,0,
2025-08-31 12:55:50.731	,1562.463745,0,0,1563.968750,0,0,1565.397339,0,0,1566.957275,0,0,
2025-08-31 12:56:00.732	,1562.475342,0,0,1563.374268,0,0,1563.960449,0,0,1564.646362,0,0,1565.819580,0,0,1567.061646,0,0,
2025-08-31 12:56:10.731	,1562.469238,0,0,1563.983521,0,0,1564.641602,0,0,1565.210938,0,0,1565.795776,0,0,1566.221558,0,0,1566.843750,0,0,
2025-08-31 12:56:20.731	,1562.464966,0,0,1563.965088,0,0,1564.625854,0,0,1565.783447,0,0,1566.219971,0,0,1566.777832,0,0,
2025-08-31 12:56:30.731	,1562.471191,0,0,1563.997681,0,0,1567.056519,0,0,
2025-08-31 12:56:40.731	,1562.463867,0,0,1563.935547,0,0,1566.861572,0,0,
2025-08-31 12:56:50.731	,1562.482178,0,0,1563.956543,0,0,1565.413452,0,0,1565.842529,0,0,
2025-08-31 12:57:00.731	,1562.472168,0,0,1563.954956,0,0,
2025-08-31 12:57:10.731	,1562.489258,0,0,1563.965332,0,0,1565.822266,0,0,1567.065063,0,0,
2025-08-31 12:57:20.731	,1562.465942,0,0,1563.365601,0,0,1563.947266,0,0,1565.782593,0,0,
2025-08-31 12:57:30.732	,1562.463135,0,0,1563.350342,0,0,1564.619141,0,0,1565.214111,0,0,1565.768799,0,0,1566.775513,0,0,
2025-08-31 12:57:40.731	,1562.465942,0,0,1563.347412,0,0,1563.930542,0,0,1564.621826,0,0,1565.214600,0,0,1565.791260,0,0,1566.113892,0,0,1566.401855,0,0,1566.708496,0,0,1566.645142,0,0,1567.016846,0,0,
2025-08-31 12:57:50.731	,1562.471924,0,0,1563.373901,0,0,1564.022095,0,0,1565.211548,0,0,1566.941772,0,0,
2025-08-31 12:58:00.731	,1563.964844,0,0,1564.694702,0,0,1566.983398,0,0,1567.531494,0,0,
2025-08-31 12:58:10.731	,1566.194946,0,0,1566.743530,0,0,
2025-08-31 12:59:00.731	,1564.855469,0,0,1564.829468,0,0,
2025-08-31 12:59:20.731	,1564.902222,0,0,1565.259644,0,0,
2025-08-31 12:59:30.732	,1564.677612,0,0,
2025-08-31 12:59:40.731	,1564.599609,0,0,
2025-08-31 12:59:50.731	,1564.657715,0,0,1565.207397,0,0,
2025-08-31 13:00:00.731	,1564.639771,0,0,
2025-08-31 13:00:10.731	,1565.248657,0,0,
2025-08-31 13:00:20.731	,1565.207031,0,0,
2025-08-31 13:00:30.731	,1564.009155,0,0,1564.609131,0,0,1565.231079,0,0,
2025-08-31 13:00:40.731	,1565.828857,0,0,1566.997314,0,0,
2025-08-31 13:00:50.732	,1565.802979,0,0,1566.222046,0,0,1566.345459,0,0,1566.436646,0,0,1567.057739,0,0,1567.570313,0,0,
2025-08-31 13:01:00.731	,1566.873901,0,0,1567.584473,0,0,
2025-08-31 13:01:10.732	,1565.842041,0,0,1567.113403,0,0,1567.573975,0,0,
2025-08-31 13:01:40.731	,1565.798462,0,0,1566.010742,0,0,
2025-08-31 13:02:50.731	,1564.023560,0,0,
2025-08-31 13:03:10.731	,1564.395264,0,0,
2025-08-31 13:03:20.732	,1563.990967,0,0,
2025-08-31 13:03:30.731	,1564.017456,0,0,
2025-08-31 13:03:40.731	,1564.645264,0,0,
2025-08-31 13:04:00.731	,1564.639282,0,0,1565.221069,0,0,
2025-08-31 13:04:50.731	,1564.027222,0,0,
2025-08-31 13:06:10.731	,1564.005371,0,0,1564.197144,0,0,
2025-08-31 13:06:40.731	,1564.044678,0,0,
2025-08-31 13:06:50.731	,1564.054688,0,0,
2025-08-31 13:07:00.731	,1564.026001,0,0,
2025-08-31 13:08:40.731	,1563.999512,0,0,1563.955078,0,0,
2025-08-31 13:11:20.731	,1566.676270,0,0,1567.121826,0,0,
2025-08-31 13:11:30.731	,1566.994385,0,0,1566.765503,0,0,
2025-08-31 13:11:40.731	,1567.130127,0,0,
2025-08-31 13:11:50.731	,1567.097412,0,0,
2025-08-31 13:14:00.731	,1566.973877,0,0,
2025-08-31 13:14:10.731	,1567.099731,0,0,
2025-08-31 13:14:20.731	,1567.566162,0,0,
2025-08-31 13:14:30.732	,1567.151367,0,0,1567.588745,0,0,
2025-08-31 13:21:50.731	,1567.735229,0,0,
2025-08-31 13:22:30.732	,1567.628540,0,0,
2025-08-31 13:22:40.731	,1567.621216,0,0,
2025-08-31 13:58:40.732	,1548.323242,0,0,
2025-08-31 13:58:50.731	,1547.335571,0,0,1548.368652,0,0,
2025-08-31 13:59:00.731	,1547.304810,0,0,1547.928467,0,0,1548.397339,0,0,
2025-08-31 13:59:10.731	,1548.342651,0,0,
2025-08-31 13:59:20.731	,1547.318970,0,0,1548.421753,0,0,
2025-08-31 13:59:30.732	,1548.338257,0,0,
2025-08-31 13:59:40.731	,1546.722534,0,0,1547.324341,0,0,1548.361450,0,0,
2025-08-31 13:59:50.731	,1546.725098,0,0,1547.365845,0,0,1548.539063,0,0,
2025-08-31 14:00:00.731	,1546.691040,0,0,1547.297241,0,0,1548.395020,0,0,
2025-08-31 14:00:10.731	,1546.726318,0,0,1548.311157,0,0,
2025-08-31 14:00:20.732	,1547.350952,0,0,1677.491577,0,0,
2025-08-31 14:00:30.731	,1546.690308,0,0,1548.431030,0,0,
2025-08-31 14:00:40.732	,1546.710938,0,0,1547.341553,0,0,1548.443115,0,0,
2025-08-31 14:00:50.731	,1546.718140,0,0,1548.361206,0,0,
2025-08-31 14:01:00.731	,1548.346558,0,0,
2025-08-31 14:01:10.731	,1546.706055,0,0,1548.563232,0,0,
2025-08-31 14:01:20.731	,1548.421387,0,0,
2025-08-31 14:01:30.731	,1546.726807,0,0,1548.448242,0,0,
2025-08-31 14:01:40.731	,1548.401245,0,0,
2025-08-31 14:01:50.731	,1546.690552,0,0,1548.483032,0,0,
2025-08-31 14:02:00.731	,1548.594971,0,0,
2025-08-31 14:02:10.731	,1548.462158,0,0,
2025-08-31 14:02:20.731	,1548.345825,0,0,
2025-08-31 14:02:30.732	,1548.459595,0,0,
2025-08-31 14:02:40.732	,1548.402710,0,0,
2025-08-31 14:02:50.731	,1546.715820,0,0,1548.322754,0,0,
2025-08-31 14:03:00.731	,1548.468750,0,0,
2025-08-31 14:03:10.731	,1546.721558,0,0,1548.445679,0,0,
2025-08-31 14:03:20.731	,1546.715088,0,0,1548.458374,0,0,
2025-08-31 14:03:30.731	,1548.468262,0,0,
2025-08-31 14:03:40.731	,1548.581543,0,0,
2025-08-31 14:03:50.731	,1548.441650,0,0,
2025-08-31 14:04:00.732	,1548.537109,0,0,
2025-08-31 14:04:10.731	,1548.463257,0,0,
2025-08-31 14:04:20.731	,1548.501221,0,0,
2025-08-31 14:04:30.731	,1453.567261,0,0,
2025-08-31 14:04:40.731	,1548.681519,0,0,
2025-08-31 14:04:50.731	,1548.554932,0,0,
2025-08-31 14:05:00.731	,1548.742065,0,0,
2025-08-31 14:05:10.731	,1546.717041,0,0,1548.550781,0,0,
2025-08-31 14:05:20.731	,1546.735718,0,0,1548.639282,0,0,
2025-08-31 14:05:30.732	,1548.665649,0,0,
2025-08-31 14:05:40.731	,1546.684570,0,0,1548.664307,0,0,
2025-08-31 14:05:50.731	,1548.486816,0,0,
2025-08-31 14:06:00.731	,1548.506470,0,0,
2025-08-31 14:06:10.731	,1548.448364,0,0,
2025-08-31 14:06:20.732	,1548.588501,0,0,
2025-08-31 14:06:30.731	,1548.688477,0,0,
2025-08-31 14:06:40.731	,1548.513672,0,0,
2025-08-31 14:06:50.731	,1548.688965,0,0,
2025-08-31 14:07:00.731	,1546.705078,0,0,1548.528442,0,0,
2025-08-31 14:07:10.731	,1548.501099,0,0,
2025-08-31 14:07:20.731	,1548.551147,0,0,
2025-08-31 14:07:30.731	,1547.328613,0,0,1548.649048,0,0,
2025-08-31 14:07:40.731	,1548.662842,0,0,
2025-08-31 14:07:50.731	,1547.352905,0,0,1548.483032,0,0,
2025-08-31 14:08:00.732	,1548.534546,0,0,
2025-08-31 14:08:10.731	,1548.534058,0,0,
2025-08-31 14:08:20.731	,1677.491577,0,0,
2025-08-31 14:08:30.732	,1548.636353,0,0,
2025-08-31 14:08:40.731	,1548.571045,0,0,
2025-08-31 14:08:50.732	,1548.573608,0,0,
2025-08-31 14:09:00.731	,1548.701050,0,0,
2025-08-31 14:09:10.731	,1677.491577,0,0,
2025-08-31 14:09:20.731	,1548.748413,0,0,
2025-08-31 14:09:30.731	,1548.746338,0,0,
2025-08-31 14:09:40.731	,1548.708618,0,0,
2025-08-31 14:09:50.731	,1548.616943,0,0,
2025-08-31 14:10:00.731	,1548.514648,0,0,
2025-08-31 14:10:10.731	,1548.601074,0,0,
2025-08-31 14:10:20.731	,1548.591064,0,0,
2025-08-31 14:10:30.731	,1548.739136,0,0,
2025-08-31 14:10:40.731	,1547.322144,0,0,1549.010132,0,0,
2025-08-31 14:10:50.731	,1547.312744,0,0,1548.778320,0,0,
2025-08-31 14:11:00.731	,1548.548340,0,0,
2025-08-31 14:11:10.731	,1548.655762,0,0,
2025-08-31 14:11:20.731	,1548.815552,0,0,
2025-08-31 14:11:30.732	,1548.825928,0,0,
2025-08-31 14:11:40.731	,1548.785034,0,0,
2025-08-31 14:11:50.731	,1548.701172,0,0,
2025-08-31 14:12:00.732	,1548.705444,0,0,
2025-08-31 14:12:10.731	,1548.788696,0,0,
2025-08-31 14:12:20.731	,1548.850952,0,0,
2025-08-31 14:12:30.731	,1548.666016,0,0,
2025-08-31 14:12:40.731	,1548.671143,0,0,1550.681152,0,0,
2025-08-31 14:12:50.731	,1549.025024,0,0,
2025-08-31 14:13:00.731	,1549.054565,0,0,
2025-08-31 14:13:10.731	,1548.990356,0,0,
2025-08-31 14:13:20.731	,1549.066895,0,0,
2025-08-31 14:13:30.731	,1549.092773,0,0,
2025-08-31 14:13:40.731	,1549.050659,0,0,
2025-08-31 14:13:50.731	,1549.675049,0,0,
2025-08-31 14:14:00.731	,1548.996948,0,0,
2025-08-31 14:14:10.731	,1549.034790,0,0,
2025-08-31 14:14:20.731	,1549.070923,0,0,
2025-08-31 14:14:30.731	,1549.696167,0,0,
2025-08-31 14:14:40.731	,1549.013916,0,0,
2025-08-31 14:14:50.731	,1548.893677,0,0,
2025-08-31 14:15:00.731	,1549.040039,0,0,
2025-08-31 14:15:10.731	,1549.682983,0,0,
2025-08-31 14:15:20.731	,1548.757202,0,0,
2025-08-31 14:15:30.732	,1549.662354,0,0,
2025-08-31 14:15:40.732	,1549.704956,0,0,
2025-08-31 14:15:50.731	,1549.713867,0,0,
2025-08-31 14:16:00.732	,1549.085327,0,0,
2025-08-31 14:16:10.731	,1549.712769,0,0,
2025-08-31 14:16:20.731	,1549.076294,0,0,
2025-08-31 14:16:30.731	,1549.056396,0,0,
2025-08-31 14:16:40.731	,1549.061279,0,0,
2025-08-31 14:16:50.731	,1549.701660,0,0,
2025-08-31 14:17:00.732	,1549.694092,0,0,
2025-08-31 14:17:10.732	,1549.025146,0,0,
2025-08-31 14:17:20.731	,1549.685059,0,0,
2025-08-31 14:17:30.731	,1549.678345,0,0,
2025-08-31 14:17:40.731	,1548.926758,0,0,
2025-08-31 14:17:50.731	,1549.677246,0,0,
2025-08-31 14:18:00.731	,1549.703857,0,0,
2025-08-31 14:18:10.731	,1549.672974,0,0,
2025-08-31 14:18:20.731	,1549.064941,0,0,
2025-08-31 14:18:30.731	,1549.705078,0,0,1551.203247,0,0,
2025-08-31 14:18:40.732	,1549.708252,0,0,
2025-08-31 14:18:50.732	,1546.761353,0,0,1549.673950,0,0,
2025-08-31 14:19:00.732	,1548.898926,0,0,
2025-08-31 14:19:10.731	,1549.695679,0,0,
2025-08-31 14:19:20.731	,1549.052490,0,0,
2025-08-31 14:19:30.732	,1546.690308,0,0,1549.704956,0,0,
2025-08-31 14:19:40.731	,1549.685059,0,0,
2025-08-31 14:19:50.731	,1549.693481,0,0,
2025-08-31 14:20:00.731	,1549.684570,0,0,1551.141235,0,0,
2025-08-31 14:20:10.732	,1549.680054,0,0,
2025-08-31 14:20:20.731	,1548.815308,0,0,
2025-08-31 14:20:30.732	,1549.094849,0,0,1550.847656,0,0,
2025-08-31 14:20:40.731	,1549.082031,0,0,
2025-08-31 14:20:50.732	,1549.728149,0,0,
2025-08-31 14:21:00.731	,1549.695923,0,0,
2025-08-31 14:21:10.732	,1549.690308,0,0,
2025-08-31 14:21:20.731	,1549.727173,0,0,
2025-08-31 14:21:30.731	,1549.070557,0,0,
2025-08-31 14:21:40.732	,1549.734741,0,0,
2025-08-31 14:21:50.731	,1548.826050,0,0,
2025-08-31 14:22:00.732	,1546.983887,0,0,1549.684937,0,0,
2025-08-31 14:22:10.731	,1549.741821,0,0,
2025-08-31 14:22:20.732	,1549.659546,0,0,
2025-08-31 14:22:30.731	,1549.675049,0,0,1551.225952,0,0,
2025-08-31 14:22:40.731	,1549.690552,0,0,1551.305054,0,0,
2025-08-31 14:22:50.731	,1549.673462,0,0,
2025-08-31 14:23:00.732	,1549.661377,0,0,
2025-08-31 14:23:10.731	,1549.741333,0,0,1677.491577,0,0,1551.346436,0,0,
2025-08-31 14:23:20.731	,1549.665161,0,0,
2025-08-31 14:23:30.731	,1549.688354,0,0,
2025-08-31 14:23:40.731	,1549.658081,0,0,
2025-08-31 14:23:50.732	,1549.691040,0,0,
2025-08-31 14:24:00.731	,1549.691162,0,0,
2025-08-31 14:24:10.731	,1549.674438,0,0,
2025-08-31 14:24:20.732	,1549.698975,0,0,
2025-08-31 14:24:30.731	,1549.696777,0,0,
2025-08-31 14:24:40.731	,1549.672852,0,0,
2025-08-31 14:24:50.731	,1549.677246,0,0,
2025-08-31 14:25:00.731	,1549.693848,0,0,
2025-08-31 14:25:10.731	,1550.037354,0,0,1551.256836,0,0,
2025-08-31 14:25:20.731	,1549.728394,0,0,
2025-08-31 14:25:30.731	,1549.714355,0,0,1551.248657,0,0,
2025-08-31 14:25:40.732	,1549.696533,0,0,
2025-08-31 14:25:50.731	,1549.697021,0,0,
2025-08-31 14:26:00.731	,1549.704590,0,0,
2025-08-31 14:26:10.731	,1549.686279,0,0,
2025-08-31 14:26:20.731	,1549.665649,0,0,
2025-08-31 14:26:30.731	,1549.683228,0,0,
2025-08-31 14:26:40.732	,1549.698975,0,0,
2025-08-31 14:26:50.731	,1549.776855,0,0,
2025-08-31 14:27:00.731	,1549.704956,0,0,
2025-08-31 14:27:10.731	,1549.693848,0,0,
2025-08-31 14:27:20.732	,1550.161011,0,0,
2025-08-31 14:27:30.732	,1549.991455,0,0,
2025-08-31 14:27:40.731	,1549.711304,0,0,
2025-08-31 14:27:50.731	,1550.317139,0,0,
2025-08-31 14:28:00.732	,1549.725098,0,0,
2025-08-31 14:28:10.731	,1550.115723,0,0,
2025-08-31 14:28:20.732	,1549.688477,0,0,
2025-08-31 14:28:30.731	,1549.699341,0,0,
2025-08-31 14:28:40.731	,1549.690796,0,0,
2025-08-31 14:28:50.731	,1549.719482,0,0,
2025-08-31 14:29:00.731	,1550.208252,0,0,
2025-08-31 14:29:10.731	,1549.741943,0,0,
2025-08-31 14:29:20.732	,1549.936646,0,0,
2025-08-31 14:29:30.732	,1550.324829,0,0,
2025-08-31 14:29:40.731	,1549.688477,0,0,
2025-08-31 14:29:50.731	,1550.264282,0,0,
2025-08-31 14:30:00.732	,1550.261353,0,0,
2025-08-31 14:30:10.731	,1550.308716,0,0,
2025-08-31 14:30:20.731	,1550.283203,0,0,
2025-08-31 14:30:30.731	,1550.308350,0,0,
2025-08-31 14:30:40.731	,1550.219116,0,0,
2025-08-31 14:30:50.731	,1550.285889,0,0,
2025-08-31 14:31:00.731	,1550.278198,0,0,
2025-08-31 14:31:10.731	,1550.314453,0,0,
2025-08-31 14:31:20.731	,1550.092896,0,0,
2025-08-31 14:31:30.732	,1550.028320,0,0,
2025-08-31 14:31:40.731	,1550.311035,0,0,
2025-08-31 14:31:50.732	,1549.717285,0,0,
2025-08-31 14:32:00.731	,1550.234497,0,0,
2025-08-31 14:32:10.731	,1550.173706,0,0,
2025-08-31 14:32:20.731	,1548.793945,0,0,1550.258301,0,0,
2025-08-31 14:32:30.731	,1550.288696,0,0,
2025-08-31 14:32:40.731	,1549.692261,0,0,
2025-08-31 14:32:50.731	,1549.702393,0,0,
2025-08-31 14:33:00.731	,1550.208252,0,0,
2025-08-31 14:33:10.731	,1550.255127,0,0,
2025-08-31 14:33:20.732	,1550.154175,0,0,
2025-08-31 14:33:30.731	,1550.281128,0,0,
2025-08-31 14:33:40.731	,1550.245605,0,0,
2025-08-31 14:33:50.731	,1550.274780,0,0,
2025-08-31 14:34:00.731	,1550.333252,0,0,
2025-08-31 14:34:10.731	,1549.693848,0,0,
2025-08-31 14:34:20.731	,1549.761353,0,0,
2025-08-31 14:34:30.731	,1550.293091,0,0,
2025-08-31 14:34:40.732	,1548.793823,0,0,1568.123901,0,0,1550.342041,0,0,
2025-08-31 14:34:50.731	,1550.296143,0,0,
2025-08-31 14:35:00.731	,1550.285645,0,0,
2025-08-31 14:35:10.731	,1550.261230,0,0,
2025-08-31 14:35:20.731	,1550.281250,0,0,
2025-08-31 14:35:30.731	,1550.276001,0,0,
2025-08-31 14:35:40.731	,1550.161255,0,0,
2025-08-31 14:35:50.731	,1550.304810,0,0,
2025-08-31 14:36:00.731	,1550.193848,0,0,
2025-08-31 14:36:10.731	,1550.262451,0,0,
2025-08-31 14:36:20.732	,1550.174927,0,0,
2025-08-31 14:36:30.731	,1550.304199,0,0,
2025-08-31 14:36:40.732	,1550.126953,0,0,1550.667236,0,0,
2025-08-31 14:36:50.731	,1550.130859,0,0,
2025-08-31 14:37:00.731	,1549.728149,0,0,1549.761353,0,0,1550.285645,0,0,
2025-08-31 14:37:10.731	,1550.273193,0,0,
2025-08-31 14:37:20.731	,1550.336304,0,0,
2025-08-31 14:37:30.732	,1550.305176,0,0,
2025-08-31 14:37:40.731	,1550.296997,0,0,
2025-08-31 14:37:50.732	,1550.283325,0,0,
2025-08-31 14:38:20.731	,1550.279053,0,0,
2025-08-31 14:38:50.731	,1550.321411,0,0,
2025-08-31 14:40:00.731	,1550.311035,0,0,
2025-08-31 14:40:10.731	,1549.656982,0,0,1550.245728,0,0,
2025-08-31 14:40:20.732	,1549.699341,0,0,1550.325684,0,0,
2025-08-31 14:40:30.731	,1550.340820,0,0,
2025-08-31 14:40:40.731	,1550.201050,0,0,
2025-08-31 14:40:50.731	,1550.242798,0,0,
2025-08-31 14:41:00.731	,1549.725708,0,0,1550.270752,0,0,
2025-08-31 14:41:10.731	,1550.274902,0,0,
2025-08-31 14:41:20.732	,1549.677246,0,0,1550.228516,0,0,
2025-08-31 14:41:30.731	,819.279175,0,0,
2025-08-31 14:42:30.731	,1550.116943,0,0,1550.153076,0,0,1550.323975,0,0,
2025-08-31 14:42:40.732	,1550.246826,0,0,
2025-08-31 14:42:50.731	,1550.228149,0,0,
2025-08-31 14:43:00.731	,1550.244995,0,0,
2025-08-31 14:43:10.731	,1550.316895,0,0,
2025-08-31 14:43:20.731	,1550.104736,0,0,
2025-08-31 14:43:30.731	,1550.256470,0,0,
2025-08-31 14:43:40.731	,1550.301758,0,0,
2025-08-31 14:43:50.732	,1550.208374,0,0,
2025-08-31 14:44:00.731	,1550.066650,0,0,1550.318848,0,0,
2025-08-31 14:44:40.731	,1550.144653,0,0,
2025-08-31 14:45:00.731	,1550.214966,0,0,
2025-08-31 14:45:20.731	,1550.281250,0,0,
2025-08-31 14:45:30.731	,1549.698730,0,0,1550.243042,0,0,
2025-08-31 14:45:40.731	,1550.225708,0,0,
2025-08-31 14:46:00.731	,1549.679321,0,0,1550.274048,0,0,
2025-08-31 14:46:10.731	,1550.261841,0,0,
2025-08-31 14:46:20.731	,1549.676758,0,0,1550.328125,0,0,
2025-08-31 14:46:30.731	,1550.245605,0,0,
2025-08-31 14:46:40.731	,1550.270752,0,0,
2025-08-31 14:47:00.731	,1550.228149,0,0,
2025-08-31 14:47:10.731	,1550.267090,0,0,
2025-08-31 14:47:30.731	,1550.265625,0,0,
2025-08-31 14:47:40.731	,1550.211060,0,0,
2025-08-31 14:48:00.731	,1550.125610,0,0,1550.229370,0,0,
2025-08-31 14:48:30.731	,1550.125854,0,0,1550.201172,0,0,
2025-08-31 14:49:20.732	,1550.287842,0,0,
2025-08-31 14:49:30.731	,1550.347778,0,0,
2025-08-31 14:49:40.731	,1550.164551,0,0,
2025-08-31 14:49:50.732	,1550.292847,0,0,
2025-08-31 14:50:20.732	,1550.336792,0,0,
2025-08-31 14:50:40.731	,1550.250854,0,0,
2025-08-31 14:51:00.731	,1550.304565,0,0,
2025-08-31 14:51:10.731	,1550.174927,0,0,
2025-08-31 14:51:20.731	,1550.259155,0,0,
2025-08-31 14:51:30.731	,1550.352905,0,0,
2025-08-31 14:51:40.732	,1550.319336,0,0,
2025-08-31 14:51:50.731	,1550.275391,0,0,
2025-08-31 14:52:00.732	,1550.277222,0,0,
2025-08-31 14:52:10.731	,1550.306641,0,0,
2025-08-31 14:52:20.731	,1550.343994,0,0,
2025-08-31 14:52:30.731	,1550.322144,0,0,
2025-08-31 14:52:40.731	,1550.308228,0,0,
2025-08-31 14:52:50.731	,1550.276123,0,0,
2025-08-31 14:53:00.732	,1550.294556,0,0,
2025-08-31 14:53:10.731	,1550.265381,0,0,
2025-08-31 14:53:20.731	,1550.282349,0,0,
2025-08-31 14:53:30.731	,1550.359009,0,0,
2025-08-31 14:53:40.731	,1550.313477,0,0,
2025-08-31 14:53:50.731	,1550.261597,0,0,
2025-08-31 14:54:00.731	,1550.186768,0,0,
2025-08-31 14:54:10.732	,1550.360962,0,0,
2025-08-31 14:54:20.731	,1550.257080,0,0,
2025-08-31 14:54:30.732	,1550.245850,0,0,
2025-08-31 14:54:40.731	,1550.328369,0,0,
2025-08-31 14:54:50.732	,1550.339111,0,0,
2025-08-31 14:55:00.731	,1550.202637,0,0,
2025-08-31 14:55:10.731	,1550.321655,0,0,
2025-08-31 14:55:20.731	,1550.318848,0,0,1551.230347,0,0,
2025-08-31 14:55:30.731	,1550.330444,0,0,
2025-08-31 14:55:40.731	,1550.305908,0,0,
2025-08-31 14:55:50.731	,1550.287842,0,0,1551.256226,0,0,
2025-08-31 14:56:00.732	,1550.178955,0,0,1551.184937,0,0,
2025-08-31 14:56:10.731	,1550.218140,0,0,1551.178955,0,0,
2025-08-31 14:56:20.731	,1550.273682,0,0,1551.193604,0,0,
2025-08-31 14:56:30.732	,1550.173828,0,0,
2025-08-31 14:56:40.731	,1550.262817,0,0,
2025-08-31 14:56:50.732	,1547.988647,0,0,1550.265625,0,0,
2025-08-31 14:57:00.731	,1550.285767,0,0,
2025-08-31 14:57:10.731	,1550.335571,0,0,
2025-08-31 14:57:20.731	,1550.190674,0,0,
2025-08-31 14:57:30.731	,1550.270264,0,0,
2025-08-31 14:57:40.731	,1550.254028,0,0,
2025-08-31 14:57:50.731	,1550.210815,0,0,
2025-08-31 14:58:00.732	,1550.274780,0,0,
2025-08-31 14:58:10.731	,1550.330322,0,0,
2025-08-31 14:58:20.732	,1550.245728,0,0,
2025-08-31 14:58:30.731	,1550.304810,0,0,
2025-08-31 14:58:40.731	,1550.336670,0,0,
2025-08-31 14:58:50.731	,1550.337036,0,0,
2025-08-31 14:59:00.731	,1550.288208,0,0,
2025-08-31 14:59:10.731	,1550.295044,0,0,
2025-08-31 14:59:20.732	,1550.341919,0,0,
2025-08-31 14:59:30.731	,1550.308350,0,0,
2025-08-31 14:59:40.731	,1550.279541,0,0,
2025-08-31 14:59:50.732	,1550.355469,0,0,
2025-08-31 15:00:00.731	,1550.290405,0,0,
2025-08-31 15:00:10.731	,1550.251221,0,0,
2025-08-31 15:00:20.731	,1547.897949,0,0,1550.324341,0,0,
2025-08-31 15:00:30.732	,1550.310303,0,0,
2025-08-31 15:00:40.731	,1550.310791,0,0,
2025-08-31 15:00:50.732	,1550.346924,0,0,
2025-08-31 15:01:00.731	,1547.933594,0,0,1550.284790,0,0,
2025-08-31 15:01:10.732	,1550.376221,0,0,
2025-08-31 15:01:20.731	,1550.176392,0,0,
2025-08-31 15:01:30.731	,1550.298828,0,0,
2025-08-31 15:01:40.731	,1550.353882,0,0,
2025-08-31 15:01:50.731	,1550.287964,0,0,
2025-08-31 15:02:00.731	,1550.343140,0,0,
2025-08-31 15:02:10.731	,1550.324951,0,0,
2025-08-31 15:02:20.731	,1550.318848,0,0,
2025-08-31 15:02:30.731	,1550.321289,0,0,
2025-08-31 15:02:40.731	,1550.296143,0,0,
2025-08-31 15:02:50.731	,1550.344482,0,0,
2025-08-31 15:03:00.731	,1550.322998,0,0,
2025-08-31 15:03:10.731	,1550.321167,0,0,
2025-08-31 15:03:20.732	,1550.336670,0,0,
2025-08-31 15:03:30.731	,1547.915161,0,0,1550.285645,0,0,
2025-08-31 15:03:40.731	,1550.310425,0,0,
2025-08-31 15:03:50.731	,1550.282959,0,0,1551.924805,0,0,
2025-08-31 15:04:00.731	,1550.163940,0,0,
2025-08-31 15:04:10.732	,1550.256714,0,0,
2025-08-31 15:04:20.731	,1550.348022,0,0,
2025-08-31 15:04:30.732	,1550.313721,0,0,
2025-08-31 15:04:40.731	,1550.345459,0,0,
2025-08-31 15:04:50.731	,1550.348755,0,0,
2025-08-31 15:05:00.731	,1550.310791,0,0,
2025-08-31 15:05:10.731	,1550.275879,0,0,
2025-08-31 15:05:20.731	,1550.385010,0,0,
2025-08-31 15:05:30.731	,1550.277832,0,0,
2025-08-31 15:05:40.731	,1550.340942,0,0,
2025-08-31 15:05:50.732	,1550.350952,0,0,
2025-08-31 15:06:00.731	,1550.291016,0,0,
2025-08-31 15:06:10.731	,1550.314575,0,0,
2025-08-31 15:06:20.732	,1550.325806,0,0,
2025-08-31 15:06:30.732	,1550.361938,0,0,
2025-08-31 15:06:40.731	,1550.322510,0,0,
2025-08-31 15:06:50.731	,1550.385742,0,0,
2025-08-31 15:07:00.731	,1550.346558,0,0,
2025-08-31 15:07:10.732	,1550.322632,0,0,
2025-08-31 15:07:20.731	,1550.353638,0,0,
2025-08-31 15:07:30.731	,1550.359009,0,0,
2025-08-31 15:07:40.732	,1550.337646,0,0,
2025-08-31 15:07:50.731	,1550.361450,0,0,
2025-08-31 15:08:00.731	,1550.688721,0,0,
2025-08-31 15:08:10.731	,1550.345581,0,0,
2025-08-31 15:08:20.731	,1550.363037,0,0,
2025-08-31 15:08:30.732	,1550.305542,0,0,
2025-08-31 15:08:40.731	,1550.331055,0,0,
2025-08-31 15:08:50.731	,1550.425049,0,0,
2025-08-31 15:09:00.731	,1550.348145,0,0,
2025-08-31 15:09:10.731	,1550.390747,0,0,
2025-08-31 15:09:20.731	,1550.342896,0,0,
2025-08-31 15:09:30.732	,1550.368408,0,0,
2025-08-31 15:09:40.731	,1550.345825,0,0,
2025-08-31 15:09:50.731	,1550.318970,0,0,
2025-08-31 15:10:00.731	,1550.344849,0,0,
2025-08-31 15:10:10.731	,1550.317017,0,0,
2025-08-31 15:10:20.731	,1550.345581,0,0,
2025-08-31 15:10:30.731	,1550.378540,0,0,
2025-08-31 15:10:40.731	,1550.339478,0,0,
2025-08-31 15:10:50.731	,1550.334595,0,0,
2025-08-31 15:11:00.731	,1550.390259,0,0,
2025-08-31 15:11:10.732	,1550.375244,0,0,
2025-08-31 15:11:20.731	,1550.337280,0,0,
2025-08-31 15:11:30.731	,1550.405518,0,0,
2025-08-31 15:11:40.731	,1550.342773,0,0,
2025-08-31 15:11:50.731	,1550.704224,0,0,
2025-08-31 15:12:00.731	,1550.317993,0,0,
2025-08-31 15:12:10.731	,1550.344849,0,0,
2025-08-31 15:12:20.731	,1550.353638,0,0,
2025-08-31 15:12:30.731	,1550.341553,0,0,
2025-08-31 15:12:40.731	,1550.330933,0,0,
2025-08-31 15:12:50.731	,1550.408447,0,0,
2025-08-31 15:13:00.732	,1550.288330,0,0,
2025-08-31 15:13:10.731	,1550.275146,0,0,
2025-08-31 15:13:20.731	,1550.306519,0,0,
2025-08-31 15:13:30.732	,1550.448853,0,0,
2025-08-31 15:13:40.731	,1550.401245,0,0,
2025-08-31 15:13:50.731	,1550.401367,0,0,
2025-08-31 15:14:00.731	,1550.417114,0,0,
2025-08-31 15:14:10.731	,1550.361572,0,0,
2025-08-31 15:14:20.731	,1550.365723,0,0,
2025-08-31 15:14:30.732	,1550.343872,0,0,
2025-08-31 15:14:40.732	,1550.372681,0,0,
2025-08-31 15:14:50.731	,1550.405151,0,0,
2025-08-31 15:15:00.731	,1550.356812,0,0,
2025-08-31 15:15:10.731	,1550.344360,0,0,
2025-08-31 15:15:20.731	,1550.713623,0,0,
2025-08-31 15:15:30.731	,1550.377075,0,0,
2025-08-31 15:15:40.731	,1550.386719,0,0,
2025-08-31 15:15:50.731	,1550.366333,0,0,
2025-08-31 15:16:00.731	,1550.384644,0,0,
2025-08-31 15:16:10.731	,1550.702148,0,0,
2025-08-31 15:16:20.731	,1550.713989,0,0,
2025-08-31 15:16:30.731	,1550.716553,0,0,
2025-08-31 15:16:40.732	,1550.712646,0,0,
2025-08-31 15:16:50.732	,1550.702515,0,0,
2025-08-31 15:17:00.731	,1550.714600,0,0,
2025-08-31 15:17:10.731	,1550.711914,0,0,
2025-08-31 15:17:20.731	,1550.704956,0,0,
2025-08-31 15:17:30.731	,1550.729248,0,0,
2025-08-31 15:17:40.731	,1550.720825,0,0,
2025-08-31 15:17:50.731	,1550.713257,0,0,
2025-08-31 15:18:00.731	,1550.735718,0,0,
2025-08-31 15:18:10.732	,1550.719360,0,0,
2025-08-31 15:18:20.732	,1550.711304,0,0,
2025-08-31 15:18:30.731	,1550.365845,0,0,
2025-08-31 15:18:40.731	,1550.730469,0,0,
2025-08-31 15:18:50.731	,1550.719360,0,0,
2025-08-31 15:19:00.731	,1550.704346,0,0,
2025-08-31 15:19:10.731	,1550.701050,0,0,
2025-08-31 15:19:20.731	,1550.707520,0,0,
2025-08-31 15:19:30.731	,1550.714844,0,0,
2025-08-31 15:19:40.731	,1550.696777,0,0,
2025-08-31 15:19:50.731	,1550.374756,0,0,
2025-08-31 15:20:00.731	,1550.714966,0,0,
2025-08-31 15:20:10.731	,1550.654541,0,0,
2025-08-31 15:20:20.731	,1550.717041,0,0,
2025-08-31 15:20:30.732	,1550.396973,0,0,
2025-08-31 15:20:40.731	,1550.461060,0,0,
2025-08-31 15:20:50.731	,1550.722656,0,0,
2025-08-31 15:21:00.731	,1550.366089,0,0,
2025-08-31 15:21:10.732	,1550.715698,0,0,
2025-08-31 15:21:20.731	,1550.702393,0,0,
2025-08-31 15:21:30.731	,1550.724121,0,0,
2025-08-31 15:21:40.731	,1550.723145,0,0,
2025-08-31 15:21:50.731	,1550.704224,0,0,
2025-08-31 15:22:00.732	,1550.699341,0,0,
2025-08-31 15:22:10.731	,1550.375244,0,0,
2025-08-31 15:22:20.731	,1550.688354,0,0,
2025-08-31 15:22:30.731	,1550.702148,0,0,
2025-08-31 15:22:40.732	,1550.697754,0,0,
2025-08-31 15:22:50.731	,1550.720581,0,0,
2025-08-31 15:23:00.731	,1550.685669,0,0,
2025-08-31 15:23:10.731	,1550.704712,0,0,
2025-08-31 15:23:20.731	,1550.737061,0,0,
2025-08-31 15:23:30.731	,1550.350952,0,0,1551.403076,0,0,
2025-08-31 15:23:40.731	,1550.730469,0,0,1551.694214,0,0,1552.046631,0,0,
2025-08-31 15:23:50.731	,1550.740356,0,0,1551.926147,0,0,
2025-08-31 15:24:00.731	,1550.710815,0,0,
2025-08-31 15:24:10.731	,1550.704834,0,0,
2025-08-31 15:24:20.731	,1550.368408,0,0,1552.048340,0,0,
2025-08-31 15:24:30.732	,1550.720947,0,0,
2025-08-31 15:24:40.731	,1550.704956,0,0,
2025-08-31 15:24:50.731	,1550.633423,0,0,
2025-08-31 15:25:00.731	,1550.704468,0,0,
2025-08-31 15:25:10.731	,1550.704834,0,0,
2025-08-31 15:25:20.731	,1550.703491,0,0,
2025-08-31 15:25:30.732	,1550.737061,0,0,
2025-08-31 15:25:40.731	,1550.719360,0,0,
2025-08-31 15:25:50.731	,1550.699219,0,0,
2025-08-31 15:26:00.732	,1550.719116,0,0,1551.291138,0,0,
2025-08-31 15:26:10.731	,1550.716064,0,0,
2025-08-31 15:26:20.731	,1550.720947,0,0,
2025-08-31 15:26:30.731	,1550.719238,0,0,
2025-08-31 15:26:40.731	,1550.378784,0,0,
2025-08-31 15:26:50.731	,1550.710327,0,0,1551.433472,0,0,
2025-08-31 15:27:00.732	,1549.728516,0,0,1550.718750,0,0,1551.361328,0,0,1551.931152,0,0,
2025-08-31 15:27:10.731	,1550.735352,0,0,
2025-08-31 15:27:20.731	,1550.733643,0,0,1551.363037,0,0,
2025-08-31 15:27:30.731	,1550.454956,0,0,1551.357056,0,0,
2025-08-31 15:27:40.732	,1549.730347,0,0,1550.719238,0,0,1551.308350,0,0,
2025-08-31 15:27:50.731	,1550.697388,0,0,1551.279297,0,0,
2025-08-31 15:28:00.731	,1549.741089,0,0,1550.713745,0,0,1551.344482,0,0,
2025-08-31 15:28:10.731	,1549.691284,0,0,1550.405762,0,0,1551.348145,0,0,
2025-08-31 15:28:20.731	,1550.668091,0,0,1551.365601,0,0,
2025-08-31 15:28:30.731	,1550.743042,0,0,1551.337402,0,0,
2025-08-31 15:28:40.731	,1550.720581,0,0,1551.446533,0,0,
2025-08-31 15:28:50.731	,1549.693359,0,0,1550.465576,0,0,1551.460938,0,0,
2025-08-31 15:29:00.731	,1550.688354,0,0,1551.401611,0,0,
2025-08-31 15:29:10.731	,1550.682617,0,0,1551.456665,0,0,
2025-08-31 15:29:20.732	,1550.705688,0,0,1551.365845,0,0,
2025-08-31 15:29:30.732	,1550.724243,0,0,1551.414795,0,0,1552.004028,0,0,
2025-08-31 15:29:40.731	,1550.730469,0,0,1551.324951,0,0,
2025-08-31 15:29:50.732	,1550.714844,0,0,1551.421997,0,0,
2025-08-31 15:30:00.731	,1550.720581,0,0,1551.325684,0,0,
2025-08-31 15:30:10.731	,1549.697754,0,0,1549.836548,0,0,1550.710449,0,0,1551.388062,0,0,
2025-08-31 15:30:20.731	,1550.724609,0,0,1551.415161,0,0,
2025-08-31 15:30:30.732	,1550.708374,0,0,1551.338867,0,0,
2025-08-31 15:30:40.732	,1550.702759,0,0,1551.948120,0,0,
2025-08-31 15:30:50.731	,1550.712646,0,0,
2025-08-31 15:31:00.732	,1550.713135,0,0,1551.408081,0,0,
2025-08-31 15:31:10.731	,1550.722046,0,0,1551.955444,0,0,
2025-08-31 15:31:20.731	,1550.721313,0,0,1551.999390,0,0,
2025-08-31 15:31:30.731	,1549.730591,0,0,1550.713257,0,0,1551.343140,0,0,
2025-08-31 15:31:40.731	,1550.710938,0,0,1551.293701,0,0,
2025-08-31 15:31:50.731	,1549.742188,0,0,1550.733643,0,0,1551.424683,0,0,
2025-08-31 15:32:00.732	,1549.785034,0,0,1550.445679,0,0,1551.434326,0,0,
2025-08-31 15:32:10.731	,1550.697021,0,0,
2025-08-31 15:32:20.731	,1550.690674,0,0,1551.382690,0,0,
2025-08-31 15:32:30.731	,1550.693359,0,0,1551.485962,0,0,
2025-08-31 15:32:40.731	,1550.739868,0,0,1551.364746,0,0,
2025-08-31 15:32:50.731	,1550.712158,0,0,1551.315308,0,0,
2025-08-31 15:33:00.732	,1550.717407,0,0,1551.366943,0,0,
2025-08-31 15:33:10.731	,1550.732056,0,0,
2025-08-31 15:33:20.731	,1550.709717,0,0,1551.322144,0,0,
2025-08-31 15:33:30.731	,1550.618042,0,0,
2025-08-31 15:33:40.731	,1550.717041,0,0,
2025-08-31 15:33:50.731	,1550.709351,0,0,
2025-08-31 15:34:00.731	,1550.375366,0,0,
2025-08-31 15:34:10.731	,1550.390991,0,0,
2025-08-31 15:34:20.731	,1549.741211,0,0,1550.730469,0,0,1551.438965,0,0,
2025-08-31 15:34:30.731	,1550.704346,0,0,1551.385864,0,0,
2025-08-31 15:34:40.731	,1477.731201,0,0,1551.434448,0,0,
2025-08-31 15:34:50.731	,1550.726440,0,0,1551.371094,0,0,
2025-08-31 15:35:00.732	,1550.717041,0,0,1551.424805,0,0,
